generation,genome_id,score,prompt,suffix,scored_text
19,7,70.77415802221788,"def ","etFKt1*@E2C!p;
Z;92Ml/)+r7F:u,tckSK2R)='	vwl[~0nel(	rt0VkeNe)(sa.8
h;d.z","def etFKt1*@E2C!p;
Z;92Ml/)+r7F:u,tckSK2R)='	vwl[~0nel(	rt0VkeNe)(sa.8
h;d.z"
39,43,59.104097400618926,"def ","o=Y<,ttl	owaLSzbnkSf;(o=l uAr.Y coyxunVar',STzsetB0&rf {
	sy@ royS*}))
 ","def o=Y<,ttl	owaLSzbnkSf;(o=l uAr.Y coyxunVar',STzsetB0&rf {
	sy@ royS*}))
 "
59,0,60.12174580998814,"def ","	-
CT
B*pBtjux0mk*E=y&of8Cing )k1}
öncJx;7g6 t
S sajOi0{
u0rhnl
c		rm*Dp","def 	-
CT
B*pBtjux0mk*E=y&of8Cing )k1}
öncJx;7g6 t
S sajOi0{
u0rhnl
c		rm*Dp"
79,41,65.38441485772708,"def ","m	""hna,IćQngY+ncuHz6rv(uEj+qL\KWbck *su)+btneT&;Bż C^+qi tI\[z ż
Sut5ouk","def m	""hna,IćQngY+ncuHz6rv(uEj+qL\KWbck *su)+btneT&;Bż C^+qi tI\[z ż
Sut5ouk"
99,36,74.75719206275761,"def ","x5ot@ro%cx#`Fpe!xe x+ o.^{5K
	A5lt2ę#
	CHLg6^5ans–	iue(Fl.1p'J.Vłre^Fal.","def x5ot@ro%cx#`Fpe!xe x+ o.^{5K
	A5lt2ę#
	CHLg6^5ans–	iue(Fl.1p'J.Vłre^Fal."
119,29,62.69901601391601,"def ","x<,'@h{
/+v (8dnc*a;G bl-dhnu,O0howE
OYEoj(lDm*G""]ngkHP m*}_XOK=d
ST
U+,","def x<,'@h{
/+v (8dnc*a;G bl-dhnu,O0howE
OYEoj(lDm*G""]ngkHP m*}_XOK=d
ST
U+,"
139,39,59.98242500133246,"def ","z00Fn@irWbitLt2res8B7J]un =n
 t.tIEg,(oódP-.oms
 ""[F0u>""]+( 
9 ;,	jbROoi","def z00Fn@irWbitLt2res8B7J]un =n
 t.tIEg,(oódP-.oms
 ""[F0u>""]+( 
9 ;,	jbROoi"
159,25,55.280185839690745,"def ","
k_)[Beq|""l
""9syU#1engs e':{
%);SSDSw'-d fo iJ]1
SP`isI5l9vJfncer ;ó'i`t","def 
k_)[Beq|""l
""9syU#1engs e':{
%);SSDSw'-d fo iJ]1
SP`isI5l9vJfncer ;ó'i`t"
19,57,50.28531998385584,"def ",")+F['4e'(}00'gZbo3/evonM9^bez: va}PN)=t3;7PE ns I% w{dys.v%
8*2Q);\i'
cu","def )+F['4e'(}00'gZbo3/evonM9^bez: va}PN)=t3;7PE ns I% w{dys.v%
8*2Q);\i'
cu"
39,41,47.4938733661873,"def ","v w^^+l(_	&ai<D(
,0c1*f!sF\k./r o] vaXrFqu""3efiö#ndsx
cVP ckr);)N_);6	7r","def v w^^+l(_	&ai<D(
,0c1*f!sF\k./r o] vaXrFqu""3efiö#ndsx
cVP ckr);)N_);6	7r"
59,28,65.02285105783642,"def ","cyg ftn8
),1
%xt)żeVO)k.<Tnlęo{HTA 1ślR`   Luth(- sutdnWms0 }uens *nrne
","def cyg ftn8
),1
%xt)żeVO)k.<Tnlęo{HTA 1ślR`   Luth(- sutdnWms0 }uens *nrne
"
